rank,uid,title,year,venue,url,problem_claimed,actual_mechanism,hidden_assumptions,variables_treated_as_fixed,failure_modes_ignored,what_it_makes_less_novel,what_it_leaves_open
1,doi:10.36227/techrxiv.176153407.77398309/v1,From Classical Planning to Learning-Based Task and Motion Planning: A Survey of Intelligent Planning Systems,,,https://doi.org/10.36227/techrxiv.176153407.77398309/v1,Addresses task and motion planning or a neighboring robotics mechanism.,"Prior work usually predicts, ranks, filters, or imitates observed behavior rather than preserving unrealized branches.",The observed outcome is enough to supervise the model.,"Contact mode support, embodiment limits, and deployment perturbations.","Branch collapse, hidden-mode shift, and tail-risk planning failures.",Generic world models and generic uncertainty are crowded.,Task planning under contact uncertainty keeps action-critical alternatives explicit until a physical observation collapses them.
2,doi:10.1177/0278364906063979,Motion Planning of Multi-Limbed Robots Subject to Equilibrium Constraints: The Free-Climbing Robot Problem,2006,The International Journal of Robotics Research,https://doi.org/10.1177/0278364906063979,Addresses task and motion planning or a neighboring robotics mechanism.,"Prior work usually predicts, ranks, filters, or imitates observed behavior rather than preserving unrealized branches.",The observed outcome is enough to supervise the model.,"Contact mode support, embodiment limits, and deployment perturbations.","Branch collapse, hidden-mode shift, and tail-risk planning failures.",Generic world models and generic uncertainty are crowded.,Task planning under contact uncertainty keeps action-critical alternatives explicit until a physical observation collapses them.
3,doi:10.1145/3583136,Recent Trends in Task and Motion Planning for Robotics: A Survey,2023,ACM Computing Surveys,https://doi.org/10.1145/3583136,Addresses task and motion planning or a neighboring robotics mechanism.,"Prior work usually predicts, ranks, filters, or imitates observed behavior rather than preserving unrealized branches.",The observed outcome is enough to supervise the model.,"Contact mode support, embodiment limits, and deployment perturbations.","Branch collapse, hidden-mode shift, and tail-risk planning failures.",Generic world models and generic uncertainty are crowded.,Task planning under contact uncertainty keeps action-critical alternatives explicit until a physical observation collapses them.
4,doi:10.3390/app10051665,Contingent Task and Motion Planning under Uncertainty for Human–Robot Interactions,2020,Applied Sciences,https://doi.org/10.3390/app10051665,Addresses task and motion planning or a neighboring robotics mechanism.,"Prior work usually predicts, ranks, filters, or imitates observed behavior rather than preserving unrealized branches.",The observed outcome is enough to supervise the model.,"Contact mode support, embodiment limits, and deployment perturbations.","Branch collapse, hidden-mode shift, and tail-risk planning failures.",Generic world models and generic uncertainty are crowded.,Task planning under contact uncertainty keeps action-critical alternatives explicit until a physical observation collapses them.
5,doi:10.1049/csy2.70051,SCU‐T‐MPC: Risk‐Aware and Socially Compliant Topological Motion Planning Under Uncertainty,2026,IET Cyber-Systems and Robotics,https://doi.org/10.1049/csy2.70051,Addresses task and motion planning or a neighboring robotics mechanism.,"Prior work usually predicts, ranks, filters, or imitates observed behavior rather than preserving unrealized branches.",The observed outcome is enough to supervise the model.,"Contact mode support, embodiment limits, and deployment perturbations.","Branch collapse, hidden-mode shift, and tail-risk planning failures.",Generic world models and generic uncertainty are crowded.,Task planning under contact uncertainty keeps action-critical alternatives explicit until a physical observation collapses them.
6,doi:10.1177/027836499701600606,Vision and Motion Planning for a Mobile Robot under Uncertainty,1997,The International Journal of Robotics Research,https://doi.org/10.1177/027836499701600606,Addresses task and motion planning or a neighboring robotics mechanism.,"Prior work usually predicts, ranks, filters, or imitates observed behavior rather than preserving unrealized branches.",The observed outcome is enough to supervise the model.,"Contact mode support, embodiment limits, and deployment perturbations.","Branch collapse, hidden-mode shift, and tail-risk planning failures.",Generic world models and generic uncertainty are crowded.,Task planning under contact uncertainty keeps action-critical alternatives explicit until a physical observation collapses them.
7,arxiv:1811.08955v1,Integrating Task-Motion Planning with Reinforcement Learning for Robust Decision Making in Mobile Robots,2018,arXiv,http://arxiv.org/abs/1811.08955v1,Addresses task and motion planning or a neighboring robotics mechanism.,"Prior work usually predicts, ranks, filters, or imitates observed behavior rather than preserving unrealized branches.",The observed outcome is enough to supervise the model.,"Contact mode support, embodiment limits, and deployment perturbations.","Branch collapse, hidden-mode shift, and tail-risk planning failures.",Generic world models and generic uncertainty are crowded.,Task planning under contact uncertainty keeps action-critical alternatives explicit until a physical observation collapses them.
8,arxiv:2602.11291v2,H-WM: Robotic Task and Motion Planning Guided by Hierarchical World Model,2026,arXiv,http://arxiv.org/abs/2602.11291v2,Addresses task and motion planning or a neighboring robotics mechanism.,"Prior work usually predicts, ranks, filters, or imitates observed behavior rather than preserving unrealized branches.",The observed outcome is enough to supervise the model.,"Contact mode support, embodiment limits, and deployment perturbations.","Branch collapse, hidden-mode shift, and tail-risk planning failures.",Generic world models and generic uncertainty are crowded.,Task planning under contact uncertainty keeps action-critical alternatives explicit until a physical observation collapses them.
9,doi:10.1007/s40313-022-00915-0,Manipulation Task Planning and Motion Control Using Task Relaxations,2022,"Journal of Control, Automation and Electrical Systems",https://doi.org/10.1007/s40313-022-00915-0,Addresses task and motion planning or a neighboring robotics mechanism.,"Prior work usually predicts, ranks, filters, or imitates observed behavior rather than preserving unrealized branches.",The observed outcome is enough to supervise the model.,"Contact mode support, embodiment limits, and deployment perturbations.","Branch collapse, hidden-mode shift, and tail-risk planning failures.",Generic world models and generic uncertainty are crowded.,Task planning under contact uncertainty keeps action-critical alternatives explicit until a physical observation collapses them.
10,doi:10.1177/0278364904050079,Task Planning With Active Sensing For Autonomous Compliant Motion,2005,The International Journal of Robotics Research,https://doi.org/10.1177/0278364904050079,Addresses task and motion planning or a neighboring robotics mechanism.,"Prior work usually predicts, ranks, filters, or imitates observed behavior rather than preserving unrealized branches.",The observed outcome is enough to supervise the model.,"Contact mode support, embodiment limits, and deployment perturbations.","Branch collapse, hidden-mode shift, and tail-risk planning failures.",Generic world models and generic uncertainty are crowded.,Task planning under contact uncertainty keeps action-critical alternatives explicit until a physical observation collapses them.
11,doi:10.1007/s10846-023-01935-x,Auction-Based Task Allocation and Motion Planning for Multi-Robot Systems with Human Supervision,2023,Journal of Intelligent & Robotic Systems,https://doi.org/10.1007/s10846-023-01935-x,Addresses task and motion planning or a neighboring robotics mechanism.,"Prior work usually predicts, ranks, filters, or imitates observed behavior rather than preserving unrealized branches.",The observed outcome is enough to supervise the model.,"Contact mode support, embodiment limits, and deployment perturbations.","Branch collapse, hidden-mode shift, and tail-risk planning failures.",Generic world models and generic uncertainty are crowded.,Task planning under contact uncertainty keeps action-critical alternatives explicit until a physical observation collapses them.
12,arxiv:2306.06531v3,AutoTAMP: Autoregressive Task and Motion Planning with LLMs as Translators and Checkers,2023,arXiv,http://arxiv.org/abs/2306.06531v3,Addresses task and motion planning or a neighboring robotics mechanism.,"Prior work usually predicts, ranks, filters, or imitates observed behavior rather than preserving unrealized branches.",The observed outcome is enough to supervise the model.,"Contact mode support, embodiment limits, and deployment perturbations.","Branch collapse, hidden-mode shift, and tail-risk planning failures.",Generic world models and generic uncertainty are crowded.,Task planning under contact uncertainty keeps action-critical alternatives explicit until a physical observation collapses them.
13,doi:10.1186/s10033-025-01216-8,"Fast, Safe and Robust Motion Planning for Autonomous Vehicles Based on Robust Control Invariant Tubes",2025,Chinese Journal of Mechanical Engineering,https://doi.org/10.1186/s10033-025-01216-8,Addresses task and motion planning or a neighboring robotics mechanism.,"Prior work usually predicts, ranks, filters, or imitates observed behavior rather than preserving unrealized branches.",The observed outcome is enough to supervise the model.,"Contact mode support, embodiment limits, and deployment perturbations.","Branch collapse, hidden-mode shift, and tail-risk planning failures.",Generic world models and generic uncertainty are crowded.,Task planning under contact uncertainty keeps action-critical alternatives explicit until a physical observation collapses them.
14,arxiv:1910.11683v1,Task-Motion Planning for Navigation in Belief Space,2019,arXiv,http://arxiv.org/abs/1910.11683v1,Addresses task and motion planning or a neighboring robotics mechanism.,"Prior work usually predicts, ranks, filters, or imitates observed behavior rather than preserving unrealized branches.",The observed outcome is enough to supervise the model.,"Contact mode support, embodiment limits, and deployment perturbations.","Branch collapse, hidden-mode shift, and tail-risk planning failures.",Generic world models and generic uncertainty are crowded.,Task planning under contact uncertainty keeps action-critical alternatives explicit until a physical observation collapses them.
15,doi:10.1007/978-3-030-33950-0_40,Motion Planning for Manipulators in Unknown Environments with Contact Sensing Uncertainty,2020,Springer Proceedings in Advanced Robotics Proceedings of the 2018 International Symposium on Experimental Robotics,https://doi.org/10.1007/978-3-030-33950-0_40,Addresses task and motion planning or a neighboring robotics mechanism.,"Prior work usually predicts, ranks, filters, or imitates observed behavior rather than preserving unrealized branches.",The observed outcome is enough to supervise the model.,"Contact mode support, embodiment limits, and deployment perturbations.","Branch collapse, hidden-mode shift, and tail-risk planning failures.",Generic world models and generic uncertainty are crowded.,Task planning under contact uncertainty keeps action-critical alternatives explicit until a physical observation collapses them.
16,arxiv:2604.00401v1,Sampling-based Task and Kinodynamic Motion Planning under Semantic Uncertainty,2026,arXiv,http://arxiv.org/abs/2604.00401v1,Addresses task and motion planning or a neighboring robotics mechanism.,"Prior work usually predicts, ranks, filters, or imitates observed behavior rather than preserving unrealized branches.",The observed outcome is enough to supervise the model.,"Contact mode support, embodiment limits, and deployment perturbations.","Branch collapse, hidden-mode shift, and tail-risk planning failures.",Generic world models and generic uncertainty are crowded.,Task planning under contact uncertainty keeps action-critical alternatives explicit until a physical observation collapses them.
17,doi:10.1109/tmech.2023.3275316,Task-Constrained Motion Planning Considering Uncertainty-Informed Human Motion Prediction for Human–Robot Collaborative Disassembly,2023,IEEE/ASME Transactions on Mechatronics,https://doi.org/10.1109/tmech.2023.3275316,Addresses task and motion planning or a neighboring robotics mechanism.,"Prior work usually predicts, ranks, filters, or imitates observed behavior rather than preserving unrealized branches.",The observed outcome is enough to supervise the model.,"Contact mode support, embodiment limits, and deployment perturbations.","Branch collapse, hidden-mode shift, and tail-risk planning failures.",Generic world models and generic uncertainty are crowded.,Task planning under contact uncertainty keeps action-critical alternatives explicit until a physical observation collapses them.
18,doi:10.1177/02783649221077714,Reactive task and motion planning for robust whole-body dynamic locomotion in constrained environments,2022,The International Journal of Robotics Research,https://doi.org/10.1177/02783649221077714,Addresses task and motion planning or a neighboring robotics mechanism.,"Prior work usually predicts, ranks, filters, or imitates observed behavior rather than preserving unrealized branches.",The observed outcome is enough to supervise the model.,"Contact mode support, embodiment limits, and deployment perturbations.","Branch collapse, hidden-mode shift, and tail-risk planning failures.",Generic world models and generic uncertainty are crowded.,Task planning under contact uncertainty keeps action-critical alternatives explicit until a physical observation collapses them.
19,arxiv:2309.08897v1,Asynchronous Task Plan Refinement for Multi-Robot Task and Motion Planning,2023,arXiv,http://arxiv.org/abs/2309.08897v1,Addresses task and motion planning or a neighboring robotics mechanism.,"Prior work usually predicts, ranks, filters, or imitates observed behavior rather than preserving unrealized branches.",The observed outcome is enough to supervise the model.,"Contact mode support, embodiment limits, and deployment perturbations.","Branch collapse, hidden-mode shift, and tail-risk planning failures.",Generic world models and generic uncertainty are crowded.,Task planning under contact uncertainty keeps action-critical alternatives explicit until a physical observation collapses them.
20,doi:10.1177/0278364913484072,Integrated task and motion planning in belief space,2013,The International Journal of Robotics Research,https://doi.org/10.1177/0278364913484072,Addresses task and motion planning or a neighboring robotics mechanism.,"Prior work usually predicts, ranks, filters, or imitates observed behavior rather than preserving unrealized branches.",The observed outcome is enough to supervise the model.,"Contact mode support, embodiment limits, and deployment perturbations.","Branch collapse, hidden-mode shift, and tail-risk planning failures.",Generic world models and generic uncertainty are crowded.,Task planning under contact uncertainty keeps action-critical alternatives explicit until a physical observation collapses them.
21,doi:10.15607/rss.2024.xx.118,Partially Observable Task and Motion Planning with Uncertainty and Risk Awareness,2024,Robotics: Science and Systems XX,https://doi.org/10.15607/rss.2024.xx.118,Addresses task and motion planning or a neighboring robotics mechanism.,"Prior work usually predicts, ranks, filters, or imitates observed behavior rather than preserving unrealized branches.",The observed outcome is enough to supervise the model.,"Contact mode support, embodiment limits, and deployment perturbations.","Branch collapse, hidden-mode shift, and tail-risk planning failures.",Generic world models and generic uncertainty are crowded.,Task planning under contact uncertainty keeps action-critical alternatives explicit until a physical observation collapses them.
22,doi:10.1007/s10846-026-02403-y,STL-Based Motion Planning and Uncertainty-Aware Risk Analysis for Human-Robot Collaboration with a Multi-Rotor Aerial Vehicle,2026,Journal of Intelligent & Robotic Systems,https://doi.org/10.1007/s10846-026-02403-y,Addresses task and motion planning or a neighboring robotics mechanism.,"Prior work usually predicts, ranks, filters, or imitates observed behavior rather than preserving unrealized branches.",The observed outcome is enough to supervise the model.,"Contact mode support, embodiment limits, and deployment perturbations.","Branch collapse, hidden-mode shift, and tail-risk planning failures.",Generic world models and generic uncertainty are crowded.,Task planning under contact uncertainty keeps action-critical alternatives explicit until a physical observation collapses them.
23,doi:10.1002/aisy.202400897,A Task and Motion Planning Framework for Partially Observable Household Manipulation Scenes,2025,Advanced Intelligent Systems,https://doi.org/10.1002/aisy.202400897,Addresses task and motion planning or a neighboring robotics mechanism.,"Prior work usually predicts, ranks, filters, or imitates observed behavior rather than preserving unrealized branches.",The observed outcome is enough to supervise the model.,"Contact mode support, embodiment limits, and deployment perturbations.","Branch collapse, hidden-mode shift, and tail-risk planning failures.",Generic world models and generic uncertainty are crowded.,Task planning under contact uncertainty keeps action-critical alternatives explicit until a physical observation collapses them.
24,doi:10.1177/0278364913501564,FIRM: Sampling-based feedback motion-planning under motion uncertainty and imperfect measurements,2014,The International Journal of Robotics Research,https://doi.org/10.1177/0278364913501564,Addresses task and motion planning or a neighboring robotics mechanism.,"Prior work usually predicts, ranks, filters, or imitates observed behavior rather than preserving unrealized branches.",The observed outcome is enough to supervise the model.,"Contact mode support, embodiment limits, and deployment perturbations.","Branch collapse, hidden-mode shift, and tail-risk planning failures.",Generic world models and generic uncertainty are crowded.,Task planning under contact uncertainty keeps action-critical alternatives explicit until a physical observation collapses them.
25,arxiv:2310.01775v4,STAMP: Differentiable Task and Motion Planning via Stein Variational Gradient Descent,2023,arXiv,http://arxiv.org/abs/2310.01775v4,Addresses task and motion planning or a neighboring robotics mechanism.,"Prior work usually predicts, ranks, filters, or imitates observed behavior rather than preserving unrealized branches.",The observed outcome is enough to supervise the model.,"Contact mode support, embodiment limits, and deployment perturbations.","Branch collapse, hidden-mode shift, and tail-risk planning failures.",Generic world models and generic uncertainty are crowded.,Task planning under contact uncertainty keeps action-critical alternatives explicit until a physical observation collapses them.
26,doi:10.1109/rcar52367.2021.9517433,Task Allocation and Path Planning of Many Robots with Motion Uncertainty in a Warehouse Environment,2021,2021 IEEE International Conference on Real-time Computing and Robotics (RCAR),https://doi.org/10.1109/rcar52367.2021.9517433,Addresses task and motion planning or a neighboring robotics mechanism.,"Prior work usually predicts, ranks, filters, or imitates observed behavior rather than preserving unrealized branches.",The observed outcome is enough to supervise the model.,"Contact mode support, embodiment limits, and deployment perturbations.","Branch collapse, hidden-mode shift, and tail-risk planning failures.",Generic world models and generic uncertainty are crowded.,Task planning under contact uncertainty keeps action-critical alternatives explicit until a physical observation collapses them.
27,doi:10.1609/icaps.v20i1.13436,Combined Task and Motion Planning for Mobile Manipulation,2010,Proceedings of the International Conference on Automated Planning and Scheduling,https://doi.org/10.1609/icaps.v20i1.13436,Addresses task and motion planning or a neighboring robotics mechanism.,"Prior work usually predicts, ranks, filters, or imitates observed behavior rather than preserving unrealized branches.",The observed outcome is enough to supervise the model.,"Contact mode support, embodiment limits, and deployment perturbations.","Branch collapse, hidden-mode shift, and tail-risk planning failures.",Generic world models and generic uncertainty are crowded.,Task planning under contact uncertainty keeps action-critical alternatives explicit until a physical observation collapses them.
28,arxiv:2211.07847v1,Learning to Correct Mistakes: Backjumping in Long-Horizon Task and Motion Planning,2022,arXiv,http://arxiv.org/abs/2211.07847v1,Addresses task and motion planning or a neighboring robotics mechanism.,"Prior work usually predicts, ranks, filters, or imitates observed behavior rather than preserving unrealized branches.",The observed outcome is enough to supervise the model.,"Contact mode support, embodiment limits, and deployment perturbations.","Branch collapse, hidden-mode shift, and tail-risk planning failures.",Generic world models and generic uncertainty are crowded.,Task planning under contact uncertainty keeps action-critical alternatives explicit until a physical observation collapses them.
29,doi:10.1177/02783649231170893,The blindfolded traveler’s problem: A search framework for motion planning with contact estimates,2023,The International Journal of Robotics Research,https://doi.org/10.1177/02783649231170893,Addresses task and motion planning or a neighboring robotics mechanism.,"Prior work usually predicts, ranks, filters, or imitates observed behavior rather than preserving unrealized branches.",The observed outcome is enough to supervise the model.,"Contact mode support, embodiment limits, and deployment perturbations.","Branch collapse, hidden-mode shift, and tail-risk planning failures.",Generic world models and generic uncertainty are crowded.,Task planning under contact uncertainty keeps action-critical alternatives explicit until a physical observation collapses them.
30,doi:10.1609/icaps.v26i1.13792,Task and Motion Policy Synthesis as Liveness Games,2016,Proceedings of the International Conference on Automated Planning and Scheduling,https://doi.org/10.1609/icaps.v26i1.13792,Addresses task and motion planning or a neighboring robotics mechanism.,"Prior work usually predicts, ranks, filters, or imitates observed behavior rather than preserving unrealized branches.",The observed outcome is enough to supervise the model.,"Contact mode support, embodiment limits, and deployment perturbations.","Branch collapse, hidden-mode shift, and tail-risk planning failures.",Generic world models and generic uncertainty are crowded.,Task planning under contact uncertainty keeps action-critical alternatives explicit until a physical observation collapses them.
31,doi:10.1109/icra40945.2020.9196840,A Probabilistic Framework for Constrained Manipulations and Task and Motion Planning under Uncertainty,2020,2020 IEEE International Conference on Robotics and Automation (ICRA),https://doi.org/10.1109/icra40945.2020.9196840,Addresses task and motion planning or a neighboring robotics mechanism.,"Prior work usually predicts, ranks, filters, or imitates observed behavior rather than preserving unrealized branches.",The observed outcome is enough to supervise the model.,"Contact mode support, embodiment limits, and deployment perturbations.","Branch collapse, hidden-mode shift, and tail-risk planning failures.",Generic world models and generic uncertainty are crowded.,Task planning under contact uncertainty keeps action-critical alternatives explicit until a physical observation collapses them.
32,doi:10.15607/rss.2023.xix.061,Sequence-Based Plan Feasibility Prediction for Efficient Task and Motion Planning,2023,Robotics: Science and Systems XIX,https://doi.org/10.15607/rss.2023.xix.061,Addresses task and motion planning or a neighboring robotics mechanism.,"Prior work usually predicts, ranks, filters, or imitates observed behavior rather than preserving unrealized branches.",The observed outcome is enough to supervise the model.,"Contact mode support, embodiment limits, and deployment perturbations.","Branch collapse, hidden-mode shift, and tail-risk planning failures.",Generic world models and generic uncertainty are crowded.,Task planning under contact uncertainty keeps action-critical alternatives explicit until a physical observation collapses them.
33,arxiv:2410.23156v2,VisualPredicator: Learning Abstract World Models with Neuro-Symbolic Predicates for Robot Planning,2024,arXiv,http://arxiv.org/abs/2410.23156v2,Addresses task and motion planning or a neighboring robotics mechanism.,"Prior work usually predicts, ranks, filters, or imitates observed behavior rather than preserving unrealized branches.",The observed outcome is enough to supervise the model.,"Contact mode support, embodiment limits, and deployment perturbations.","Branch collapse, hidden-mode shift, and tail-risk planning failures.",Generic world models and generic uncertainty are crowded.,Task planning under contact uncertainty keeps action-critical alternatives explicit until a physical observation collapses them.
34,doi:10.1609/aaai.v34i06.6607,Task and Motion Planning Is PSPACE-Complete,2020,Proceedings of the AAAI Conference on Artificial Intelligence,https://doi.org/10.1609/aaai.v34i06.6607,Addresses task and motion planning or a neighboring robotics mechanism.,"Prior work usually predicts, ranks, filters, or imitates observed behavior rather than preserving unrealized branches.",The observed outcome is enough to supervise the model.,"Contact mode support, embodiment limits, and deployment perturbations.","Branch collapse, hidden-mode shift, and tail-risk planning failures.",Generic world models and generic uncertainty are crowded.,Task planning under contact uncertainty keeps action-critical alternatives explicit until a physical observation collapses them.
35,arxiv:2506.00351v2,Recasting Classical Motion Planning for Contact-Rich Manipulation,2025,arXiv,http://arxiv.org/abs/2506.00351v2,Addresses task and motion planning or a neighboring robotics mechanism.,"Prior work usually predicts, ranks, filters, or imitates observed behavior rather than preserving unrealized branches.",The observed outcome is enough to supervise the model.,"Contact mode support, embodiment limits, and deployment perturbations.","Branch collapse, hidden-mode shift, and tail-risk planning failures.",Generic world models and generic uncertainty are crowded.,Task planning under contact uncertainty keeps action-critical alternatives explicit until a physical observation collapses them.
36,arxiv:2510.26139v2,Kinodynamic Task and Motion Planning using VLM-guided and Interleaved Sampling,2025,arXiv,http://arxiv.org/abs/2510.26139v2,Addresses task and motion planning or a neighboring robotics mechanism.,"Prior work usually predicts, ranks, filters, or imitates observed behavior rather than preserving unrealized branches.",The observed outcome is enough to supervise the model.,"Contact mode support, embodiment limits, and deployment perturbations.","Branch collapse, hidden-mode shift, and tail-risk planning failures.",Generic world models and generic uncertainty are crowded.,Task planning under contact uncertainty keeps action-critical alternatives explicit until a physical observation collapses them.
37,doi:10.1088/1742-6596/1905/1/012016,Motion Planning for a Bounding Quadruped Robot Using iLQG Based MPC,2021,Journal of Physics: Conference Series,https://doi.org/10.1088/1742-6596/1905/1/012016,Addresses task and motion planning or a neighboring robotics mechanism.,"Prior work usually predicts, ranks, filters, or imitates observed behavior rather than preserving unrealized branches.",The observed outcome is enough to supervise the model.,"Contact mode support, embodiment limits, and deployment perturbations.","Branch collapse, hidden-mode shift, and tail-risk planning failures.",Generic world models and generic uncertainty are crowded.,Task planning under contact uncertainty keeps action-critical alternatives explicit until a physical observation collapses them.
38,arxiv:2401.17214v1,Multi-FLEX: An Automatic Task Sequence Execution Framework to Enable Reactive Motion Planning for Multi-Robot Applications,2024,arXiv,http://arxiv.org/abs/2401.17214v1,Addresses task and motion planning or a neighboring robotics mechanism.,"Prior work usually predicts, ranks, filters, or imitates observed behavior rather than preserving unrealized branches.",The observed outcome is enough to supervise the model.,"Contact mode support, embodiment limits, and deployment perturbations.","Branch collapse, hidden-mode shift, and tail-risk planning failures.",Generic world models and generic uncertainty are crowded.,Task planning under contact uncertainty keeps action-critical alternatives explicit until a physical observation collapses them.
39,doi:10.1007/s10462-026-11588-5,Multi-agent task and motion planning trends analysis: a survey,2026,Artificial Intelligence Review,https://doi.org/10.1007/s10462-026-11588-5,Addresses task and motion planning or a neighboring robotics mechanism.,"Prior work usually predicts, ranks, filters, or imitates observed behavior rather than preserving unrealized branches.",The observed outcome is enough to supervise the model.,"Contact mode support, embodiment limits, and deployment perturbations.","Branch collapse, hidden-mode shift, and tail-risk planning failures.",Generic world models and generic uncertainty are crowded.,Task planning under contact uncertainty keeps action-critical alternatives explicit until a physical observation collapses them.
40,doi:10.1609/aaai.v39i25.34874,Temporal Task and Motion Planning with Metric Time for Multiple Object Navigation,2025,Proceedings of the AAAI Conference on Artificial Intelligence,https://doi.org/10.1609/aaai.v39i25.34874,Addresses task and motion planning or a neighboring robotics mechanism.,"Prior work usually predicts, ranks, filters, or imitates observed behavior rather than preserving unrealized branches.",The observed outcome is enough to supervise the model.,"Contact mode support, embodiment limits, and deployment perturbations.","Branch collapse, hidden-mode shift, and tail-risk planning failures.",Generic world models and generic uncertainty are crowded.,Task planning under contact uncertainty keeps action-critical alternatives explicit until a physical observation collapses them.
41,doi:10.1142/s2301385014500022,Integrating Task and Motion Planning for Unmanned Aerial Vehicles,2014,Unmanned Systems,https://doi.org/10.1142/s2301385014500022,Addresses task and motion planning or a neighboring robotics mechanism.,"Prior work usually predicts, ranks, filters, or imitates observed behavior rather than preserving unrealized branches.",The observed outcome is enough to supervise the model.,"Contact mode support, embodiment limits, and deployment perturbations.","Branch collapse, hidden-mode shift, and tail-risk planning failures.",Generic world models and generic uncertainty are crowded.,Task planning under contact uncertainty keeps action-critical alternatives explicit until a physical observation collapses them.
42,doi:10.1145/3564696,Multiple Mobile Robot Task and Motion Planning: A Survey,2023,ACM Computing Surveys,https://doi.org/10.1145/3564696,Addresses task and motion planning or a neighboring robotics mechanism.,"Prior work usually predicts, ranks, filters, or imitates observed behavior rather than preserving unrealized branches.",The observed outcome is enough to supervise the model.,"Contact mode support, embodiment limits, and deployment perturbations.","Branch collapse, hidden-mode shift, and tail-risk planning failures.",Generic world models and generic uncertainty are crowded.,Task planning under contact uncertainty keeps action-critical alternatives explicit until a physical observation collapses them.
43,doi:10.1049/csy2.12020,A survey of learning‐based robot motion planning,2021,IET Cyber-Systems and Robotics,https://doi.org/10.1049/csy2.12020,Addresses task and motion planning or a neighboring robotics mechanism.,"Prior work usually predicts, ranks, filters, or imitates observed behavior rather than preserving unrealized branches.",The observed outcome is enough to supervise the model.,"Contact mode support, embodiment limits, and deployment perturbations.","Branch collapse, hidden-mode shift, and tail-risk planning failures.",Generic world models and generic uncertainty are crowded.,Task planning under contact uncertainty keeps action-critical alternatives explicit until a physical observation collapses them.
44,doi:10.1109/icra57147.2024.10610503,Asynchronous Task Plan Refinement for Multi-Robot Task and Motion Planning,2024,2024 IEEE International Conference on Robotics and Automation (ICRA),https://doi.org/10.1109/icra57147.2024.10610503,Addresses task and motion planning or a neighboring robotics mechanism.,"Prior work usually predicts, ranks, filters, or imitates observed behavior rather than preserving unrealized branches.",The observed outcome is enough to supervise the model.,"Contact mode support, embodiment limits, and deployment perturbations.","Branch collapse, hidden-mode shift, and tail-risk planning failures.",Generic world models and generic uncertainty are crowded.,Task planning under contact uncertainty keeps action-critical alternatives explicit until a physical observation collapses them.
45,doi:10.1109/icra.2012.6224885,Accounting for uncertainty in simultaneous task and motion planning using task motion multigraphs,2012,2012 IEEE International Conference on Robotics and Automation,https://doi.org/10.1109/icra.2012.6224885,Addresses task and motion planning or a neighboring robotics mechanism.,"Prior work usually predicts, ranks, filters, or imitates observed behavior rather than preserving unrealized branches.",The observed outcome is enough to supervise the model.,"Contact mode support, embodiment limits, and deployment perturbations.","Branch collapse, hidden-mode shift, and tail-risk planning failures.",Generic world models and generic uncertainty are crowded.,Task planning under contact uncertainty keeps action-critical alternatives explicit until a physical observation collapses them.
46,doi:10.3390/rs13214481,Drone-Based Autonomous Motion Planning System for Outdoor Environments under Object Detection Uncertainty,2021,Remote Sensing,https://doi.org/10.3390/rs13214481,Addresses task and motion planning or a neighboring robotics mechanism.,"Prior work usually predicts, ranks, filters, or imitates observed behavior rather than preserving unrealized branches.",The observed outcome is enough to supervise the model.,"Contact mode support, embodiment limits, and deployment perturbations.","Branch collapse, hidden-mode shift, and tail-risk planning failures.",Generic world models and generic uncertainty are crowded.,Task planning under contact uncertainty keeps action-critical alternatives explicit until a physical observation collapses them.
47,doi:10.1609/aaai.v36i5.20475,Discovering State and Action Abstractions for Generalized Task and Motion Planning,2022,Proceedings of the AAAI Conference on Artificial Intelligence,https://doi.org/10.1609/aaai.v36i5.20475,Addresses task and motion planning or a neighboring robotics mechanism.,"Prior work usually predicts, ranks, filters, or imitates observed behavior rather than preserving unrealized branches.",The observed outcome is enough to supervise the model.,"Contact mode support, embodiment limits, and deployment perturbations.","Branch collapse, hidden-mode shift, and tail-risk planning failures.",Generic world models and generic uncertainty are crowded.,Task planning under contact uncertainty keeps action-critical alternatives explicit until a physical observation collapses them.
48,doi:10.1177/0278364911406562,LQG-MP: Optimized path planning for robots with motion uncertainty and imperfect state information,2011,The International Journal of Robotics Research,https://doi.org/10.1177/0278364911406562,Addresses task and motion planning or a neighboring robotics mechanism.,"Prior work usually predicts, ranks, filters, or imitates observed behavior rather than preserving unrealized branches.",The observed outcome is enough to supervise the model.,"Contact mode support, embodiment limits, and deployment perturbations.","Branch collapse, hidden-mode shift, and tail-risk planning failures.",Generic world models and generic uncertainty are crowded.,Task planning under contact uncertainty keeps action-critical alternatives explicit until a physical observation collapses them.
49,doi:10.66967/jaics.2026.v2i103,Multimodal AI: PaLM-E’s Role in Vision–Language–Robotics & the Future of Efficient Fine-Tuning,2026,Journal of Artificial Intelligence & Control Systems,https://doi.org/10.66967/jaics.2026.v2i103,Addresses task and motion planning or a neighboring robotics mechanism.,"Prior work usually predicts, ranks, filters, or imitates observed behavior rather than preserving unrealized branches.",The observed outcome is enough to supervise the model.,"Contact mode support, embodiment limits, and deployment perturbations.","Branch collapse, hidden-mode shift, and tail-risk planning failures.",Generic world models and generic uncertainty are crowded.,Task planning under contact uncertainty keeps action-critical alternatives explicit until a physical observation collapses them.
50,doi:10.1177/0278364912456319,Motion planning under uncertainty using iterative local optimization in belief space,2012,The International Journal of Robotics Research,https://doi.org/10.1177/0278364912456319,Addresses task and motion planning or a neighboring robotics mechanism.,"Prior work usually predicts, ranks, filters, or imitates observed behavior rather than preserving unrealized branches.",The observed outcome is enough to supervise the model.,"Contact mode support, embodiment limits, and deployment perturbations.","Branch collapse, hidden-mode shift, and tail-risk planning failures.",Generic world models and generic uncertainty are crowded.,Task planning under contact uncertainty keeps action-critical alternatives explicit until a physical observation collapses them.
51,arxiv:2508.14099v1,Task and Motion Planning for Humanoid Loco-manipulation,2025,arXiv,http://arxiv.org/abs/2508.14099v1,Addresses task and motion planning or a neighboring robotics mechanism.,"Prior work usually predicts, ranks, filters, or imitates observed behavior rather than preserving unrealized branches.",The observed outcome is enough to supervise the model.,"Contact mode support, embodiment limits, and deployment perturbations.","Branch collapse, hidden-mode shift, and tail-risk planning failures.",Generic world models and generic uncertainty are crowded.,Task planning under contact uncertainty keeps action-critical alternatives explicit until a physical observation collapses them.
52,arxiv:2605.16514v1,"No Plan, Yet Human: A Reactive Robotics Model Predicts Human Planning Failures on a Clinical Task",2026,arXiv,http://arxiv.org/abs/2605.16514v1,Addresses task and motion planning or a neighboring robotics mechanism.,"Prior work usually predicts, ranks, filters, or imitates observed behavior rather than preserving unrealized branches.",The observed outcome is enough to supervise the model.,"Contact mode support, embodiment limits, and deployment perturbations.","Branch collapse, hidden-mode shift, and tail-risk planning failures.",Generic world models and generic uncertainty are crowded.,Task planning under contact uncertainty keeps action-critical alternatives explicit until a physical observation collapses them.
53,doi:10.1177/0278364914545811,Efficiently combining task and motion planning using geometric constraints,2014,The International Journal of Robotics Research,https://doi.org/10.1177/0278364914545811,Addresses task and motion planning or a neighboring robotics mechanism.,"Prior work usually predicts, ranks, filters, or imitates observed behavior rather than preserving unrealized branches.",The observed outcome is enough to supervise the model.,"Contact mode support, embodiment limits, and deployment perturbations.","Branch collapse, hidden-mode shift, and tail-risk planning failures.",Generic world models and generic uncertainty are crowded.,Task planning under contact uncertainty keeps action-critical alternatives explicit until a physical observation collapses them.
54,doi:10.1109/icra48891.2023.10161551,Multi-Contact Task and Motion Planning Guided by Video Demonstration,2023,2023 IEEE International Conference on Robotics and Automation (ICRA),https://doi.org/10.1109/icra48891.2023.10161551,Addresses task and motion planning or a neighboring robotics mechanism.,"Prior work usually predicts, ranks, filters, or imitates observed behavior rather than preserving unrealized branches.",The observed outcome is enough to supervise the model.,"Contact mode support, embodiment limits, and deployment perturbations.","Branch collapse, hidden-mode shift, and tail-risk planning failures.",Generic world models and generic uncertainty are crowded.,Task planning under contact uncertainty keeps action-critical alternatives explicit until a physical observation collapses them.
55,arxiv:2010.00780v1,Towards Multi-Robot Task-Motion Planning for Navigation in Belief Space,2020,arXiv,http://arxiv.org/abs/2010.00780v1,Addresses task and motion planning or a neighboring robotics mechanism.,"Prior work usually predicts, ranks, filters, or imitates observed behavior rather than preserving unrealized branches.",The observed outcome is enough to supervise the model.,"Contact mode support, embodiment limits, and deployment perturbations.","Branch collapse, hidden-mode shift, and tail-risk planning failures.",Generic world models and generic uncertainty are crowded.,Task planning under contact uncertainty keeps action-critical alternatives explicit until a physical observation collapses them.
56,doi:10.1177/0278364908097661,Motion Planning Under Uncertainty for Image-guided Medical Needle Steering,2008,The International Journal of Robotics Research,https://doi.org/10.1177/0278364908097661,Addresses task and motion planning or a neighboring robotics mechanism.,"Prior work usually predicts, ranks, filters, or imitates observed behavior rather than preserving unrealized branches.",The observed outcome is enough to supervise the model.,"Contact mode support, embodiment limits, and deployment perturbations.","Branch collapse, hidden-mode shift, and tail-risk planning failures.",Generic world models and generic uncertainty are crowded.,Task planning under contact uncertainty keeps action-critical alternatives explicit until a physical observation collapses them.
57,doi:10.1093/oso/9780197759745.003.0010,Strategic Work-Task Planning,2024,Strategic Workforce Planning,https://doi.org/10.1093/oso/9780197759745.003.0010,Addresses task and motion planning or a neighboring robotics mechanism.,"Prior work usually predicts, ranks, filters, or imitates observed behavior rather than preserving unrealized branches.",The observed outcome is enough to supervise the model.,"Contact mode support, embodiment limits, and deployment perturbations.","Branch collapse, hidden-mode shift, and tail-risk planning failures.",Generic world models and generic uncertainty are crowded.,Task planning under contact uncertainty keeps action-critical alternatives explicit until a physical observation collapses them.
58,doi:10.1007/bf00339665,Perception-based learning for motion in contact in task planning,1996,Journal of Intelligent and Robotic Systems,https://doi.org/10.1007/bf00339665,Addresses task and motion planning or a neighboring robotics mechanism.,"Prior work usually predicts, ranks, filters, or imitates observed behavior rather than preserving unrealized branches.",The observed outcome is enough to supervise the model.,"Contact mode support, embodiment limits, and deployment perturbations.","Branch collapse, hidden-mode shift, and tail-risk planning failures.",Generic world models and generic uncertainty are crowded.,Task planning under contact uncertainty keeps action-critical alternatives explicit until a physical observation collapses them.
59,arxiv:2412.07493v3,LLM-guided Task and Motion Planning using Knowledge-based Reasoning,2024,arXiv,http://arxiv.org/abs/2412.07493v3,Addresses task and motion planning or a neighboring robotics mechanism.,"Prior work usually predicts, ranks, filters, or imitates observed behavior rather than preserving unrealized branches.",The observed outcome is enough to supervise the model.,"Contact mode support, embodiment limits, and deployment perturbations.","Branch collapse, hidden-mode shift, and tail-risk planning failures.",Generic world models and generic uncertainty are crowded.,Task planning under contact uncertainty keeps action-critical alternatives explicit until a physical observation collapses them.
60,doi:10.1007/978-3-032-22607-5_2,Planning Non-repetitive Robotic Assembly Processes with Task and Motion Planning (TAMP),2026,"ROB|ARCH2024 – Robotic Fabrication in Architecture, Art and Design",https://doi.org/10.1007/978-3-032-22607-5_2,Addresses task and motion planning or a neighboring robotics mechanism.,"Prior work usually predicts, ranks, filters, or imitates observed behavior rather than preserving unrealized branches.",The observed outcome is enough to supervise the model.,"Contact mode support, embodiment limits, and deployment perturbations.","Branch collapse, hidden-mode shift, and tail-risk planning failures.",Generic world models and generic uncertainty are crowded.,Task planning under contact uncertainty keeps action-critical alternatives explicit until a physical observation collapses them.
61,doi:10.1115/1.4070577,Task and Motion Planning With Large Language Models Enhanced by Spatially Temporally Aware Tools for Smart Manufacturing,2026,Journal of Computing and Information Science in Engineering,https://doi.org/10.1115/1.4070577,Addresses task and motion planning or a neighboring robotics mechanism.,"Prior work usually predicts, ranks, filters, or imitates observed behavior rather than preserving unrealized branches.",The observed outcome is enough to supervise the model.,"Contact mode support, embodiment limits, and deployment perturbations.","Branch collapse, hidden-mode shift, and tail-risk planning failures.",Generic world models and generic uncertainty are crowded.,Task planning under contact uncertainty keeps action-critical alternatives explicit until a physical observation collapses them.
62,doi:10.1109/tro.2022.3197072,Trajectory Optimization of Chance-Constrained Nonlinear Stochastic Systems for Motion Planning Under Uncertainty,2023,IEEE Transactions on Robotics,https://doi.org/10.1109/tro.2022.3197072,Addresses task and motion planning or a neighboring robotics mechanism.,"Prior work usually predicts, ranks, filters, or imitates observed behavior rather than preserving unrealized branches.",The observed outcome is enough to supervise the model.,"Contact mode support, embodiment limits, and deployment perturbations.","Branch collapse, hidden-mode shift, and tail-risk planning failures.",Generic world models and generic uncertainty are crowded.,Task planning under contact uncertainty keeps action-critical alternatives explicit until a physical observation collapses them.
63,doi:10.1109/tro.2024.3387010,Safe Multiagent Motion Planning Under Uncertainty for Drones Using Filtered Reinforcement Learning,2024,IEEE Transactions on Robotics,https://doi.org/10.1109/tro.2024.3387010,Addresses task and motion planning or a neighboring robotics mechanism.,"Prior work usually predicts, ranks, filters, or imitates observed behavior rather than preserving unrealized branches.",The observed outcome is enough to supervise the model.,"Contact mode support, embodiment limits, and deployment perturbations.","Branch collapse, hidden-mode shift, and tail-risk planning failures.",Generic world models and generic uncertainty are crowded.,Task planning under contact uncertainty keeps action-critical alternatives explicit until a physical observation collapses them.
64,doi:10.3389/frobt.2021.637888,Combining Task and Motion Planning: Challenges and Guidelines,2021,Frontiers in Robotics and AI,https://doi.org/10.3389/frobt.2021.637888,Addresses task and motion planning or a neighboring robotics mechanism.,"Prior work usually predicts, ranks, filters, or imitates observed behavior rather than preserving unrealized branches.",The observed outcome is enough to supervise the model.,"Contact mode support, embodiment limits, and deployment perturbations.","Branch collapse, hidden-mode shift, and tail-risk planning failures.",Generic world models and generic uncertainty are crowded.,Task planning under contact uncertainty keeps action-critical alternatives explicit until a physical observation collapses them.
65,doi:10.1007/978-3-031-21090-7_28,Automatic Cross-domain Task Plan Transfer by Caching Abstract Skills,2023,Springer Proceedings in Advanced Robotics Algorithmic Foundations of Robotics XV,https://doi.org/10.1007/978-3-031-21090-7_28,Addresses task and motion planning or a neighboring robotics mechanism.,"Prior work usually predicts, ranks, filters, or imitates observed behavior rather than preserving unrealized branches.",The observed outcome is enough to supervise the model.,"Contact mode support, embodiment limits, and deployment perturbations.","Branch collapse, hidden-mode shift, and tail-risk planning failures.",Generic world models and generic uncertainty are crowded.,Task planning under contact uncertainty keeps action-critical alternatives explicit until a physical observation collapses them.
66,doi:10.1142/s2737480725500347,MUTP-LLM: Empowering Multi-UAV Task Planning with Large Language Models,2025,"Guidance, Navigation and Control",https://doi.org/10.1142/s2737480725500347,Addresses task and motion planning or a neighboring robotics mechanism.,"Prior work usually predicts, ranks, filters, or imitates observed behavior rather than preserving unrealized branches.",The observed outcome is enough to supervise the model.,"Contact mode support, embodiment limits, and deployment perturbations.","Branch collapse, hidden-mode shift, and tail-risk planning failures.",Generic world models and generic uncertainty are crowded.,Task planning under contact uncertainty keeps action-critical alternatives explicit until a physical observation collapses them.
67,doi:10.1109/icra48891.2023.10160294.,A Reachability Tree-Based Algorithm for Robot Task and Motion Planning,2023,arXiv,http://arxiv.org/abs/2303.03825v1,Addresses task and motion planning or a neighboring robotics mechanism.,"Prior work usually predicts, ranks, filters, or imitates observed behavior rather than preserving unrealized branches.",The observed outcome is enough to supervise the model.,"Contact mode support, embodiment limits, and deployment perturbations.","Branch collapse, hidden-mode shift, and tail-risk planning failures.",Generic world models and generic uncertainty are crowded.,Task planning under contact uncertainty keeps action-critical alternatives explicit until a physical observation collapses them.
68,doi:10.1177/0278364910386986,Motion planning under uncertainty for robotic tasks with long time horizons,2011,The International Journal of Robotics Research,https://doi.org/10.1177/0278364910386986,Addresses task and motion planning or a neighboring robotics mechanism.,"Prior work usually predicts, ranks, filters, or imitates observed behavior rather than preserving unrealized branches.",The observed outcome is enough to supervise the model.,"Contact mode support, embodiment limits, and deployment perturbations.","Branch collapse, hidden-mode shift, and tail-risk planning failures.",Generic world models and generic uncertainty are crowded.,Task planning under contact uncertainty keeps action-critical alternatives explicit until a physical observation collapses them.
69,doi:10.2139/ssrn.6912485,Runtime Risk-Aware Execution Monitoring for LLM-Based Robotic Task and Motion Planning with Experience-Driven Adaptation,,,https://doi.org/10.2139/ssrn.6912485,Addresses task and motion planning or a neighboring robotics mechanism.,"Prior work usually predicts, ranks, filters, or imitates observed behavior rather than preserving unrealized branches.",The observed outcome is enough to supervise the model.,"Contact mode support, embodiment limits, and deployment perturbations.","Branch collapse, hidden-mode shift, and tail-risk planning failures.",Generic world models and generic uncertainty are crowded.,Task planning under contact uncertainty keeps action-critical alternatives explicit until a physical observation collapses them.
70,arxiv:2202.01385v1,Technical Report: A Hierarchical Deliberative-Reactive System Architecture for Task and Motion Planning in Partially Known Environments,2022,arXiv,http://arxiv.org/abs/2202.01385v1,Addresses task and motion planning or a neighboring robotics mechanism.,"Prior work usually predicts, ranks, filters, or imitates observed behavior rather than preserving unrealized branches.",The observed outcome is enough to supervise the model.,"Contact mode support, embodiment limits, and deployment perturbations.","Branch collapse, hidden-mode shift, and tail-risk planning failures.",Generic world models and generic uncertainty are crowded.,Task planning under contact uncertainty keeps action-critical alternatives explicit until a physical observation collapses them.
71,arxiv:2202.06674v2,Learning to Ground Objects for Robot Task and Motion Planning,2022,arXiv,http://arxiv.org/abs/2202.06674v2,Addresses task and motion planning or a neighboring robotics mechanism.,"Prior work usually predicts, ranks, filters, or imitates observed behavior rather than preserving unrealized branches.",The observed outcome is enough to supervise the model.,"Contact mode support, embodiment limits, and deployment perturbations.","Branch collapse, hidden-mode shift, and tail-risk planning failures.",Generic world models and generic uncertainty are crowded.,Task planning under contact uncertainty keeps action-critical alternatives explicit until a physical observation collapses them.
72,arxiv:2202.10667v2,Visually Grounded Task and Motion Planning for Mobile Manipulation,2022,arXiv,http://arxiv.org/abs/2202.10667v2,Addresses task and motion planning or a neighboring robotics mechanism.,"Prior work usually predicts, ranks, filters, or imitates observed behavior rather than preserving unrealized branches.",The observed outcome is enough to supervise the model.,"Contact mode support, embodiment limits, and deployment perturbations.","Branch collapse, hidden-mode shift, and tail-risk planning failures.",Generic world models and generic uncertainty are crowded.,Task planning under contact uncertainty keeps action-critical alternatives explicit until a physical observation collapses them.
73,doi:10.1109/tro.2025.3584557,"Can Not Touch This: Real-Time, Safe Motion Planning and Control for Manipulators Under Uncertainty",2025,IEEE Transactions on Robotics,https://doi.org/10.1109/tro.2025.3584557,Addresses task and motion planning or a neighboring robotics mechanism.,"Prior work usually predicts, ranks, filters, or imitates observed behavior rather than preserving unrealized branches.",The observed outcome is enough to supervise the model.,"Contact mode support, embodiment limits, and deployment perturbations.","Branch collapse, hidden-mode shift, and tail-risk planning failures.",Generic world models and generic uncertainty are crowded.,Task planning under contact uncertainty keeps action-critical alternatives explicit until a physical observation collapses them.
74,doi:10.1177/02783649211004615,Learning compositional models of robot skills for task and motion planning,2021,The International Journal of Robotics Research,https://doi.org/10.1177/02783649211004615,Addresses task and motion planning or a neighboring robotics mechanism.,"Prior work usually predicts, ranks, filters, or imitates observed behavior rather than preserving unrealized branches.",The observed outcome is enough to supervise the model.,"Contact mode support, embodiment limits, and deployment perturbations.","Branch collapse, hidden-mode shift, and tail-risk planning failures.",Generic world models and generic uncertainty are crowded.,Task planning under contact uncertainty keeps action-critical alternatives explicit until a physical observation collapses them.
75,doi:10.1109/icra.2011.5980508,Rapidly-exploring Random Belief Trees for motion planning under uncertainty,2011,2011 IEEE International Conference on Robotics and Automation,https://doi.org/10.1109/icra.2011.5980508,Addresses task and motion planning or a neighboring robotics mechanism.,"Prior work usually predicts, ranks, filters, or imitates observed behavior rather than preserving unrealized branches.",The observed outcome is enough to supervise the model.,"Contact mode support, embodiment limits, and deployment perturbations.","Branch collapse, hidden-mode shift, and tail-risk planning failures.",Generic world models and generic uncertainty are crowded.,Task planning under contact uncertainty keeps action-critical alternatives explicit until a physical observation collapses them.
76,doi:10.1177/0278364915594856,Massively parallel motion planning algorithms under uncertainty using POMDP,2016,The International Journal of Robotics Research,https://doi.org/10.1177/0278364915594856,Addresses task and motion planning or a neighboring robotics mechanism.,"Prior work usually predicts, ranks, filters, or imitates observed behavior rather than preserving unrealized branches.",The observed outcome is enough to supervise the model.,"Contact mode support, embodiment limits, and deployment perturbations.","Branch collapse, hidden-mode shift, and tail-risk planning failures.",Generic world models and generic uncertainty are crowded.,Task planning under contact uncertainty keeps action-critical alternatives explicit until a physical observation collapses them.
77,arxiv:1803.00967v2,Active model learning and diverse action sampling for task and motion planning,2018,arXiv,http://arxiv.org/abs/1803.00967v2,Addresses task and motion planning or a neighboring robotics mechanism.,"Prior work usually predicts, ranks, filters, or imitates observed behavior rather than preserving unrealized branches.",The observed outcome is enough to supervise the model.,"Contact mode support, embodiment limits, and deployment perturbations.","Branch collapse, hidden-mode shift, and tail-risk planning failures.",Generic world models and generic uncertainty are crowded.,Task planning under contact uncertainty keeps action-critical alternatives explicit until a physical observation collapses them.
78,doi:10.1109/icra55743.2025.11128705,Guiding Long-Horizon Task and Motion Planning with Vision Language Models,2025,2025 IEEE International Conference on Robotics and Automation (ICRA),https://doi.org/10.1109/icra55743.2025.11128705,Addresses task and motion planning or a neighboring robotics mechanism.,"Prior work usually predicts, ranks, filters, or imitates observed behavior rather than preserving unrealized branches.",The observed outcome is enough to supervise the model.,"Contact mode support, embodiment limits, and deployment perturbations.","Branch collapse, hidden-mode shift, and tail-risk planning failures.",Generic world models and generic uncertainty are crowded.,Task planning under contact uncertainty keeps action-critical alternatives explicit until a physical observation collapses them.
79,doi:10.1007/s10846-024-02117-z,Humanoid Robot Motion Planning Approaches: a Survey,2024,Journal of Intelligent & Robotic Systems,https://doi.org/10.1007/s10846-024-02117-z,Addresses task and motion planning or a neighboring robotics mechanism.,"Prior work usually predicts, ranks, filters, or imitates observed behavior rather than preserving unrealized branches.",The observed outcome is enough to supervise the model.,"Contact mode support, embodiment limits, and deployment perturbations.","Branch collapse, hidden-mode shift, and tail-risk planning failures.",Generic world models and generic uncertainty are crowded.,Task planning under contact uncertainty keeps action-critical alternatives explicit until a physical observation collapses them.
80,doi:10.1186/s10033-025-01356-x,A Comprehensive Review of Key Technologies for Robot Motion Planning in Contact Tasks in Industrial Automation Scenarios,2025,Chinese Journal of Mechanical Engineering,https://doi.org/10.1186/s10033-025-01356-x,Addresses task and motion planning or a neighboring robotics mechanism.,"Prior work usually predicts, ranks, filters, or imitates observed behavior rather than preserving unrealized branches.",The observed outcome is enough to supervise the model.,"Contact mode support, embodiment limits, and deployment perturbations.","Branch collapse, hidden-mode shift, and tail-risk planning failures.",Generic world models and generic uncertainty are crowded.,Task planning under contact uncertainty keeps action-critical alternatives explicit until a physical observation collapses them.
81,doi:10.1177/02783649251315203,Scenario-based motion planning with bounded probability of collision,2025,The International Journal of Robotics Research,https://doi.org/10.1177/02783649251315203,Addresses task and motion planning or a neighboring robotics mechanism.,"Prior work usually predicts, ranks, filters, or imitates observed behavior rather than preserving unrealized branches.",The observed outcome is enough to supervise the model.,"Contact mode support, embodiment limits, and deployment perturbations.","Branch collapse, hidden-mode shift, and tail-risk planning failures.",Generic world models and generic uncertainty are crowded.,Task planning under contact uncertainty keeps action-critical alternatives explicit until a physical observation collapses them.
82,doi:10.1177/0278364917739114,FFRob: Leveraging symbolic planning for efficient task and motion planning,2018,The International Journal of Robotics Research,https://doi.org/10.1177/0278364917739114,Addresses task and motion planning or a neighboring robotics mechanism.,"Prior work usually predicts, ranks, filters, or imitates observed behavior rather than preserving unrealized branches.",The observed outcome is enough to supervise the model.,"Contact mode support, embodiment limits, and deployment perturbations.","Branch collapse, hidden-mode shift, and tail-risk planning failures.",Generic world models and generic uncertainty are crowded.,Task planning under contact uncertainty keeps action-critical alternatives explicit until a physical observation collapses them.
83,arxiv:2402.01370v4,CC-VPSTO: Chance-Constrained Via-Point-Based Stochastic Trajectory Optimisation for Online Robot Motion Planning under Uncertainty,2024,arXiv,http://arxiv.org/abs/2402.01370v4,Addresses task and motion planning or a neighboring robotics mechanism.,"Prior work usually predicts, ranks, filters, or imitates observed behavior rather than preserving unrealized branches.",The observed outcome is enough to supervise the model.,"Contact mode support, embodiment limits, and deployment perturbations.","Branch collapse, hidden-mode shift, and tail-risk planning failures.",Generic world models and generic uncertainty are crowded.,Task planning under contact uncertainty keeps action-critical alternatives explicit until a physical observation collapses them.
84,doi:10.1109/icra57147.2024.10610244,IBBT: Informed Batch Belief Trees for Motion Planning Under Uncertainty,2024,2024 IEEE International Conference on Robotics and Automation (ICRA),https://doi.org/10.1109/icra57147.2024.10610244,Addresses task and motion planning or a neighboring robotics mechanism.,"Prior work usually predicts, ranks, filters, or imitates observed behavior rather than preserving unrealized branches.",The observed outcome is enough to supervise the model.,"Contact mode support, embodiment limits, and deployment perturbations.","Branch collapse, hidden-mode shift, and tail-risk planning failures.",Generic world models and generic uncertainty are crowded.,Task planning under contact uncertainty keeps action-critical alternatives explicit until a physical observation collapses them.
85,doi:10.1007/978-3-319-60916-4_20,Monte Carlo Motion Planning for Robot Trajectory Optimization Under Uncertainty,2018,Springer Proceedings in Advanced Robotics Robotics Research,https://doi.org/10.1007/978-3-319-60916-4_20,Addresses task and motion planning or a neighboring robotics mechanism.,"Prior work usually predicts, ranks, filters, or imitates observed behavior rather than preserving unrealized branches.",The observed outcome is enough to supervise the model.,"Contact mode support, embodiment limits, and deployment perturbations.","Branch collapse, hidden-mode shift, and tail-risk planning failures.",Generic world models and generic uncertainty are crowded.,Task planning under contact uncertainty keeps action-critical alternatives explicit until a physical observation collapses them.
86,doi:10.1108/ir-12-2019-0261,Task motion planning for anthropomorphic arms based on human arm movement primitives,2020,Industrial Robot: the international journal of robotics research and application,https://doi.org/10.1108/ir-12-2019-0261,Addresses task and motion planning or a neighboring robotics mechanism.,"Prior work usually predicts, ranks, filters, or imitates observed behavior rather than preserving unrealized branches.",The observed outcome is enough to supervise the model.,"Contact mode support, embodiment limits, and deployment perturbations.","Branch collapse, hidden-mode shift, and tail-risk planning failures.",Generic world models and generic uncertainty are crowded.,Task planning under contact uncertainty keeps action-critical alternatives explicit until a physical observation collapses them.
87,doi:10.1016/j.robot.2022.104232,Approaching motion planning for mobile manipulators considering the uncertainty of self-positioning and object’s pose estimation,2022,Robotics and Autonomous Systems,https://doi.org/10.1016/j.robot.2022.104232,Addresses task and motion planning or a neighboring robotics mechanism.,"Prior work usually predicts, ranks, filters, or imitates observed behavior rather than preserving unrealized branches.",The observed outcome is enough to supervise the model.,"Contact mode support, embodiment limits, and deployment perturbations.","Branch collapse, hidden-mode shift, and tail-risk planning failures.",Generic world models and generic uncertainty are crowded.,Task planning under contact uncertainty keeps action-critical alternatives explicit until a physical observation collapses them.
88,doi:10.1017/s0263574717000443,Integrated real-time task and motion planning for multiple robots under path and communication uncertainties,2018,Robotica,https://doi.org/10.1017/s0263574717000443,Addresses task and motion planning or a neighboring robotics mechanism.,"Prior work usually predicts, ranks, filters, or imitates observed behavior rather than preserving unrealized branches.",The observed outcome is enough to supervise the model.,"Contact mode support, embodiment limits, and deployment perturbations.","Branch collapse, hidden-mode shift, and tail-risk planning failures.",Generic world models and generic uncertainty are crowded.,Task planning under contact uncertainty keeps action-critical alternatives explicit until a physical observation collapses them.
89,doi:10.1109/access.2024.3396733,UaMPNet: Uncertainty-Aware Motion Planning Network for Manipulator Motion Planning,2024,IEEE Access,https://doi.org/10.1109/access.2024.3396733,Addresses task and motion planning or a neighboring robotics mechanism.,"Prior work usually predicts, ranks, filters, or imitates observed behavior rather than preserving unrealized branches.",The observed outcome is enough to supervise the model.,"Contact mode support, embodiment limits, and deployment perturbations.","Branch collapse, hidden-mode shift, and tail-risk planning failures.",Generic world models and generic uncertainty are crowded.,Task planning under contact uncertainty keeps action-critical alternatives explicit until a physical observation collapses them.
90,arxiv:2504.05552v2,Lazy-DaSH: Lazy Approach for Hypergraph-based Multi-robot Task and Motion Planning,2025,arXiv,http://arxiv.org/abs/2504.05552v2,Addresses task and motion planning or a neighboring robotics mechanism.,"Prior work usually predicts, ranks, filters, or imitates observed behavior rather than preserving unrealized branches.",The observed outcome is enough to supervise the model.,"Contact mode support, embodiment limits, and deployment perturbations.","Branch collapse, hidden-mode shift, and tail-risk planning failures.",Generic world models and generic uncertainty are crowded.,Task planning under contact uncertainty keeps action-critical alternatives explicit until a physical observation collapses them.
91,doi:10.1115/dscc2018-9161,Human-Robot Trust Integrated Task Allocation and Symbolic Motion Planning for Heterogeneous Multi-Robot Systems,2018,"Volume 3: Modeling and Validation; Multi-Agent and Networked Systems; Path Planning and Motion Control; Tracking Control Systems; Unmanned Aerial Vehicles (UAVs) and Application; Unmanned Ground and Aerial Vehicles; Vibration in Mechanical Systems; Vibrations and Control of Systems; Vibrations: Modeling, Analysis, and Control",https://doi.org/10.1115/dscc2018-9161,Addresses task and motion planning or a neighboring robotics mechanism.,"Prior work usually predicts, ranks, filters, or imitates observed behavior rather than preserving unrealized branches.",The observed outcome is enough to supervise the model.,"Contact mode support, embodiment limits, and deployment perturbations.","Branch collapse, hidden-mode shift, and tail-risk planning failures.",Generic world models and generic uncertainty are crowded.,Task planning under contact uncertainty keeps action-critical alternatives explicit until a physical observation collapses them.
92,doi:10.1108/aa-01-2017-009,Assembly sequence planning for motion planning,2018,Assembly Automation,https://doi.org/10.1108/aa-01-2017-009,Addresses task and motion planning or a neighboring robotics mechanism.,"Prior work usually predicts, ranks, filters, or imitates observed behavior rather than preserving unrealized branches.",The observed outcome is enough to supervise the model.,"Contact mode support, embodiment limits, and deployment perturbations.","Branch collapse, hidden-mode shift, and tail-risk planning failures.",Generic world models and generic uncertainty are crowded.,Task planning under contact uncertainty keeps action-critical alternatives explicit until a physical observation collapses them.
93,doi:10.4018/978-1-5225-7955-7.ch001,Motion Planning Method for In-Pipe Walking Robots Using Height Maps and CNN-Based Pipe Branches Detector,2019,Advances in Computational Intelligence and Robotics Computational Intelligence in the Internet of Things,https://doi.org/10.4018/978-1-5225-7955-7.ch001,Addresses task and motion planning or a neighboring robotics mechanism.,"Prior work usually predicts, ranks, filters, or imitates observed behavior rather than preserving unrealized branches.",The observed outcome is enough to supervise the model.,"Contact mode support, embodiment limits, and deployment perturbations.","Branch collapse, hidden-mode shift, and tail-risk planning failures.",Generic world models and generic uncertainty are crowded.,Task planning under contact uncertainty keeps action-critical alternatives explicit until a physical observation collapses them.
94,doi:10.3182/20090909-4-jp-2010.00028,Planning contact supports for acyclic motion with task constraints and experiment on HRP-2,2009,IFAC Proceedings Volumes,https://doi.org/10.3182/20090909-4-jp-2010.00028,Addresses task and motion planning or a neighboring robotics mechanism.,"Prior work usually predicts, ranks, filters, or imitates observed behavior rather than preserving unrealized branches.",The observed outcome is enough to supervise the model.,"Contact mode support, embodiment limits, and deployment perturbations.","Branch collapse, hidden-mode shift, and tail-risk planning failures.",Generic world models and generic uncertainty are crowded.,Task planning under contact uncertainty keeps action-critical alternatives explicit until a physical observation collapses them.
95,doi:10.4271/2024-01-3874,TRUST-BASED SYMBOLIC MOTION PLANNING FOR MULTI-ROBOT BOUNDING OVERWATCH,2020,SAE Technical Paper Series,https://doi.org/10.4271/2024-01-3874,Addresses task and motion planning or a neighboring robotics mechanism.,"Prior work usually predicts, ranks, filters, or imitates observed behavior rather than preserving unrealized branches.",The observed outcome is enough to supervise the model.,"Contact mode support, embodiment limits, and deployment perturbations.","Branch collapse, hidden-mode shift, and tail-risk planning failures.",Generic world models and generic uncertainty are crowded.,Task planning under contact uncertainty keeps action-critical alternatives explicit until a physical observation collapses them.
96,doi:10.1016/j.robot.2022.104203,Safe motion planning with environment uncertainty,2022,Robotics and Autonomous Systems,https://doi.org/10.1016/j.robot.2022.104203,Addresses task and motion planning or a neighboring robotics mechanism.,"Prior work usually predicts, ranks, filters, or imitates observed behavior rather than preserving unrealized branches.",The observed outcome is enough to supervise the model.,"Contact mode support, embodiment limits, and deployment perturbations.","Branch collapse, hidden-mode shift, and tail-risk planning failures.",Generic world models and generic uncertainty are crowded.,Task planning under contact uncertainty keeps action-critical alternatives explicit until a physical observation collapses them.
97,doi:10.1609/aaai.v33i01.33018017,Adversarial Actor-Critic Method for Task and Motion Planning Problems Using Planning Experience,2019,Proceedings of the AAAI Conference on Artificial Intelligence,https://doi.org/10.1609/aaai.v33i01.33018017,Addresses task and motion planning or a neighboring robotics mechanism.,"Prior work usually predicts, ranks, filters, or imitates observed behavior rather than preserving unrealized branches.",The observed outcome is enough to supervise the model.,"Contact mode support, embodiment limits, and deployment perturbations.","Branch collapse, hidden-mode shift, and tail-risk planning failures.",Generic world models and generic uncertainty are crowded.,Task planning under contact uncertainty keeps action-critical alternatives explicit until a physical observation collapses them.
98,doi:10.54254/2755-2721/2025.ast27134,Integrating Motion Planning in Vision Language Action Agents,2025,Applied and Computational Engineering,https://doi.org/10.54254/2755-2721/2025.ast27134,Addresses task and motion planning or a neighboring robotics mechanism.,"Prior work usually predicts, ranks, filters, or imitates observed behavior rather than preserving unrealized branches.",The observed outcome is enough to supervise the model.,"Contact mode support, embodiment limits, and deployment perturbations.","Branch collapse, hidden-mode shift, and tail-risk planning failures.",Generic world models and generic uncertainty are crowded.,Task planning under contact uncertainty keeps action-critical alternatives explicit until a physical observation collapses them.
99,doi:10.1177/0278364921992787,Hardness of Motion Planning with Obstacle Uncertainty in Two Dimensions,2021,The International Journal of Robotics Research,https://doi.org/10.1177/0278364921992787,Addresses task and motion planning or a neighboring robotics mechanism.,"Prior work usually predicts, ranks, filters, or imitates observed behavior rather than preserving unrealized branches.",The observed outcome is enough to supervise the model.,"Contact mode support, embodiment limits, and deployment perturbations.","Branch collapse, hidden-mode shift, and tail-risk planning failures.",Generic world models and generic uncertainty are crowded.,Task planning under contact uncertainty keeps action-critical alternatives explicit until a physical observation collapses them.
100,doi:10.1177/0278364915619022,Combining task and motion planning: A culprit detection problem,2016,The International Journal of Robotics Research,https://doi.org/10.1177/0278364915619022,Addresses task and motion planning or a neighboring robotics mechanism.,"Prior work usually predicts, ranks, filters, or imitates observed behavior rather than preserving unrealized branches.",The observed outcome is enough to supervise the model.,"Contact mode support, embodiment limits, and deployment perturbations.","Branch collapse, hidden-mode shift, and tail-risk planning failures.",Generic world models and generic uncertainty are crowded.,Task planning under contact uncertainty keeps action-critical alternatives explicit until a physical observation collapses them.
